index,name,bf_name
31295,acosta dani andres rodrigues,dani andres rodrigues a
1902,akgul amanmuradova,akqul amanmuradova
21924,alejandro hernandez,juan alejandro hernande
19507,alena kovackova,alena kovacko
1346,alexander gornet,alex gornet
5549,alexandra panova,alexandrova
4391,alina charaeva,alina charaev
30445,amar huseinovikj,amar huseinovic
131,anastasia pavlyuchenkova,anastasia pavlyunchenkova
131,anastasia pavlyuchenkova,anastasiapavlyuchenkova
3168,anastasia tikhonova,anastasia tikhon
6287,anastasia zolotareva,anastasia zolota
358,andrea arnaboldi,andrea arnboldi
924,andrea pellegrino,andrea pellegrin
3085,andres gabriel ciurletti,andres gabriel ciurlett
2876,anna karolina schmiedlova,anna karolina schiedlova
21423,arias valentina mediorreal,valentina mediorreal
21692,barraza mariana isabel higuita,mariana isabel higuita
21692,barraza mariana isabel higuita,mariana isabel higuita ba
7058,berrospi alberto odiseo alvarado,alberto odiseo alvarado
5154,brian baker,br baker
3892,cagla buyukakcay,cagla buyukakcai
3892,cagla buyukakcay,cagia buyukakcay
813,caroline dolehide,caroline dolheide
6394,chia yi tsao,c y tsao
8206,chih chi huang,chih huang
10516,chloe cirotte,chloe crotte
12561,christian capacci,cristian capacci
8424,cirez carlota martinez,carlota martinez
17455,colton gromley,cole gromley
1896,cristian oliveira,christian oliveira
29097,d stavropoulos,dimitris stavropoulos
20604,dac tien nguyen,dac thien nguyen
353,damir dzumhur,damir dzhumur
21823,daniel uta,daniel dutra
2008,dia evtimova,d evitmova
4737,dzik stefania rogozinska,stefania rogozinska dzi
5719,edoardo lodovico cattaneo,edoardo lodovico cattan
3376,ekatarina vishnevskaya,ekaterina vishnevskaya
9107,elmer moeller,m moeller
9915,eri shimizu,er shimizu
12405,ethan tulliani,e tuilliani
7827,eun se jang,eun jang
7211,fernanda contreras,fernanda gomez contreras
9474,fokina alejandro davidovich,alejandro davidovich
10686,gabriel de andrade bendazoli,gabriel de andrade bend
16653,gabriel vallim,gabriel vallin
7059,garcia maria paulina perez,maria paulina perez g
14646,gasser esteban davila,esteban davila
27806,gava kaua lorenzo santos,kaua lorenzo santos gav
2065,geoffrey blancaneaux,geoffrey blancane
24674,gero kretschmer,kretschmer
36026,gianluca bellezza,gianluca bellezza quarter
2511,gonzalo villanueva,gonzalo villanue
8824,greet minnen,greetje minnen
21677,ha yoon son,ha yeon son
4481,hugo gaston,hug gaston
7885,ignacio monzon,ign monzon
6068,illia biloborodko,illya beloborodko
3870,irina bara,i maria bara
2174,isabella shinikova,isabella shinikov
6031,isnardi hernando jose escurra,hernando jose escurra i
15931,jack molloy,jack malloy
9987,jean thirouin,je thirouin
1316,jia jing lu,jia jung lu
9383,jia qi ren,jia ren
26372,jiaqi huang,yujia huang
1747,jirat navasirisomboon,navasirisomboon
7145,juan sebastian osorio,juan sebastian osori
5106,julieta estable,julieta lara estable
2102,katie swan,katie s
31167,krzysztof wetoszka,krzyzstof wetoszka
3283,kyoka okamura,kyok okamura
38160,l bonilla,luis bonilla
7456,laura d arciniegas,l arciniegas
8223,lavallen alejo lorenzo lingua,alejo lorenzo lingua
11995,lena cuoto,lena couto
9877,leolia jeanjean,leol jeanjean
8675,lopez andres ariel fernandez,andres ariel fernandez
14858,lorenzo esquici,lorenzo esqueci
1446,lorenzo sonego,lor sonego
5802,luca wiedenmann,luca weidenmann
4572,lucie petruzelova,lucie petruze
30023,m castellanos,manuel castellanos
13347,magnus eriksson,mag eriksson
4406,maria sara popa,sara maria popa
6453,maria timofeeva,ma timofeeva
37825,mario andre galarraga,mario adre galarraga
1633,martina okalova,martina okalov
379,maryna zanevska,maryna zanveska
7193,matteo arnaldi,matt arnaldi
4672,matthew christopher romios,matthew christopher ro
5219,melissa ishuan ifidzhen,lelissa ishuan ifidzhen
1626,michalis sakellaridis,michalis sakellaridi
5996,michelle dzjachangirova,michelle dzjachangiro
17397,minh tuan pham,minhtuan pham
3726,montserrat gonzalez,monserrat gonzalez
27633,moritz pieper,morits pieper
2369,n vijay sundar prashanth,vijay sundar prashanth
5447,nicholas alexander reyes,nicholas alexander reye
12,nicolas barrientos,nico barrientos
7133,niditra rajmohan,nidhitra rajmohan
370,nigina abduraimova,nigi abduraimova
11758,nikol rivkin,nicole rivkin
3118,nudnida luangnam,nudnida luangham
7657,nutdanai sincharoenwattana,nutdanai sincharoenwatt
4500,oliver crawford,ol crawford
609,pace ricardo rodriguez,ricardo rodriguez
21659,palacios samuel alejandro linde,samuel alejandro linde
3426,patrycja polanska,patrycja ploanska
4729,pietro mugelli,pietro fellin
35140,prasana bagde,prasana bagade
6250,rajaonah tiantsoa sarah rakotomanga,tiantsoa sarah rakotoman
6250,rajaonah tiantsoa sarah rakotomanga,tiantsoa sarah rakotomang
1716,ramirez maria jose portillo,maria jose portillo
5055,rangel eduardo yahir orozco,eduardo yahir orozco ra
5520,rebecca sramkova,rebecca stramkova
908,rebeka masarova,rebeka masaro
1027,ricardo david mayagoitia,ricardo david mayagoiti
10553,rifqi fitriadi m,rifqi m fitriadi
3022,roko savin,rocco savin
3107,rosario jasel alejandro beltre,josel alejandro beltre
8099,s d prajwal dev,prajwal dev
6476,sada nahimana,sada nahiman
2136,sara errani,sarra erranii
2115,serrano maria camila osorio,maria camila osorio
9311,shane nicholls,shane nichols
8186,shrivalli rashmikaa bhamidipaty,shrivalli rashmikaa bhamid
28501,sukhee ann,suk hee ann
5877,svyatoslav gulin,svyatoslav gu
15996,tahlia kokkinis,tahila kokkinis
1941,taverna santiago rodriguez,santiago rodriguez
3349,tereza martincova,tereza marrtincova
4097,timea bacsinszky,timea bacsinsky
6801,timofey skatov,timofei skatov
4322,tomas martin etcheverry,tomas m etcheverry
141,tsvetana pironkova,tsevetana pironkova
6492,valeriya olyanovskaya,valeriia olianovskaia
34381,velasco juan pablo patino,juan pablo patino
13602,veronica miroshnichenko,veronika miroshnichen
11817,victor barros fernandes,victor fernandes
21182,vincent thierry schneider,vincent thierry schneid
2140,watsachol sawasdee,watsachol sawatdee
26858,william mroz mroz,william mroz
1952,wishaya trongcharoenchaikul,trongcharoenchaikul
4674,xinyu wang,xi wang
4673,xuliu sun,xl sun
3296,yaraslav shyla,yaraslau shyla
32409,yo han sung,yohan sung
6268,yu jin ahn,yujin ahn
26426,zach viiala,zack viiala
13959,zhaoyi cao,zhao yi cao
13959,zhaoyi cao,zhao yi chao
