bf_name,matched_name,matches_count
adrian menendez maceira,maceiras adrian menendez,663
alison riske,amritraj alison riske,560
daria gavrilova,daria saville,506
jose hernandez fernande,fernandez jose hernandez,453
kateryna bondarenko,kateryna volodko,419
viktoria kuzmova,viktoria hruncakova,404
marcelo tomas barrios v,vera tomas barrios,345
frederico ferreira silv,silva frederico ferreira,328
y cavalle reimers,reimers ivonne cavalle,309
e chong,eudice wong chong,287
jj wolf,jeffrey john wolf,285
m bulgaru,miriam bianca bulgaru,280
nicolas moreno de albor,de alboran nicolas moreno,253
denisa allertova,denisa satralova,250
nikolas sanchez izquier,izquierdo nikolas sanchez,249
k thandi,karman kaur thandi,209
matheus pucinelli de al,de almeida matheus pucinelli,206
lesley kerkhove,kerkhove lesley pattinama,202
e liang,en shuo liang,200
giovanni mpetshi perric,perricard giovanni mpetshi,192
m herazo gonzalez,gonzalez maria fernanda herazo,179
c mitu,andreea mitu,172
g knutson,gabriela andrea knutson,171
joao lucas reis da silv,da silva joao lucas reis,160
jose statham,rubin statham,159
storm sanders,storm hunter,156
f contreras gomez,fernanda contreras,150
irina maria bara,irina bara,150
santiago rodriguez tave,taverna santiago rodriguez,147
felipe meligeni rodrigues alves,alves felipe meligeni,146
camila osorio,serrano maria camila osorio,139
m portillo ramirez,ramirez maria jose portillo,134
i amariei,ilinca dalina amariei,130
k zhang,kai lin zhang,120
a zarycka,anastasia zarytska,117
m carle,carole monnet,109
arklon huertas del pino,del pino cordova arklon huertas,107
santiago fa rodriguez t,taverna santiago rodriguez,107
nam hoang ly,hoang nam ly,106
maria camila osorio ser,serrano maria camila osorio,104
jovana jaksic,jovana jovic,96
daniel merida,aguilar daniel merida,95
v kuzmova,viktoria hruncakova,94
connor huertas del pino,del pino conner huertas,93
a friedsam,anna lena friedsam,92
s voegele,stefanie vogele,92
nastasja schunk,nastasja mariana schunk,90
p hourigan,paige mary hourigan,87
inaki montes de la torr,de la torre inaki montes,85
m osorio serrano,serrano maria camila osorio,81
felipe meligeni rodrigu,alves felipe meligeni,79
anastasiya soboleva,anastasiya konstantinovna soboleva,78
a schmiedlova,anna karolina schmiedlova,75
o gutierrez,oscar jose gutierrez,69
paula badosa gibert,paula badosa,68
andres artunedo martina,martinavarro andres artunedo,67
lesley pattinama kerkho,kerkhove lesley pattinama,67
michelle larcher de bri,de brito michelle larcher,67
pedro martinez portero,pedro martinez,67
anna rogers,anna sinclair rogers,66
carballes baena,baena roberto carballes,66
volodoymyr uzhylovskyi,vladimir uzhylovsky,66
m gonzalez encinas,encinas marta huqi gonzalez,65
irene burillo escorihue,escorihuela irene burillo,64
coleman wong,chak lam coleman wong,60
n zeballos melgar,noelia zeballos,59
adria barrera,barrera adria soriano,56
m barrios vera,vera tomas barrios,56
a artunedo martinavarr,martinavarro andres artunedo,55
yi fan xu,xu yifan,54
ricardo rodriguez pac,pace ricardo rodriguez,53
constantin bittoun kouz,kouzmine constantin bittoun,50
m reasco gonzalez,gonzalez mell elizabeth reasco,50
s hsieh,su wei hsieh,50
c tsao,chia yi tsao,49
m perez garcia,garcia maria paulina perez,48
al dulgheru,alexandra dulgheru,46
maria carle,maria lourdes carle,46
natalija kostic,natalija stevanovic,45
t etcheverry,tomas martin etcheverry,45
e tyurnev,evgenii tiurnev,44
g granollers pujol,gerard granollers,44
a lingua lavallen,lavallen alejo lorenzo lingua,43
a neffa de los rios,de los rios ana paula neffa,43
s bhamidipaty,shrivalli rashmikaa bhamidipaty,43
y ahn,yu jin ahn,43
christopher diaz figuer,figueroa christopher diaz,42
v olianovskaia,valeriya olyanovskaya,41
t rakotomanga rajaonah,rajaonah tiantsoa sarah rakotomanga,40
marcelo tomas barrios vera,vera tomas barrios,39
c y hsu,chieh yu hsu,38
anna schmiedlova,anna karolina schmiedlova,37
r stoiber,ranah akua stoiber,36
guillermo rivera arangu,aranguiz guillermo rivera,35
j vidal azorin,azorin jose fco vidal,35
victoria jimenez kasint,kasintseva victoria jimenez,35
d barreto sanchez,sanchez diego augusto barreto,34
r l jani,reka luca jani,34
a s mestach,an sophie mestach,33
gerardo lopez villaseno,villasenor gerardo lopez,33
m torres murcia,murcia maria camila torres,33
cristina andreea mitu,andreea mitu,32
juan carlos prado angel,angelo juan carlos prado,32
j reis da silva,da silva joao lucas reis,31
cc bellis,catherine bellis,30
fred gil,frederico gil,30
a k schmiedlova,anna karolina schmiedlova,28
alberto romero de avila,de avila senise alberto romero,28
c witthoeft,carina witthoft,28
d r collins,danielle collins,28
i m bara,irina bara,28
j munar clar,jaume munar,28
alejo lorenzo lingua la,lavallen alejo lorenzo lingua,27
m song,min kyu song,26
nicole melichar,martinez nicole melichar,26
n tepmahc,tepmahc nicolas,25
sascha gueymard wayenbu,wayenburg sascha gueymard,25
juan manuel benitez cha,chavarriaga juan manuel benitez,24
n akugue noha,akugue noma noha,24
as mestach,an sophie mestach,23
ivar jose aramburu cont,contreras ivar jose aramburu,22
l andrei,andrea ka,22
lloyd george harris,lloyd harris,22
mt barrios vera,vera tomas barrios,22
t kodat,toby alex kodat,22
a ignatik,ignatik alexandra cadantu,21
alexandra ignatik,ignatik alexandra cadantu,21
anca todoni,anca alexia todoni,21
diego sebastian schwartzman,diego schwartzman,21
j j lu,jia jing lu,21
marcus walters,m walters,21
miguel angel reyes vare,varela miguel reyes,21
yvonne cavalle reimers,reimers ivonne cavalle,21
eduardo russi assumpcao,eduardo russi,20
f bahamonde,nicastro francisco bahamonde,20
gabriel tumasonis,gabriel pascotto tumasonis,20
h c lee,hua chen lee,20
j varillas,juan pablo varillas,20
k y lee,kuan yi lee,20
samuel ribeiro navarret,navarrete samuel ribeiro,20
t kwiatkowski,thai son kwiatkowski,20
d wang,dan ni wang,19
j porras,porras julio cesar,19
pucinelli de almeida,de almeida matheus pucinelli,19
ranjeet virali murugesa,murugesan ranjeet virali,19
l arruabarrena vecino,lara arruabarrena,18
m luque moreno,moreno maria jose luque,18
p c lee,pei chi lee,18
a g remondina,anna giulia remondina,17
a romero de avila senis,de avila senise alberto romero,17
d boyer,dusty h boyer,17
j gerald gonzalez,gonzalez jimar geraldine gerald,17
j wolf,jeffrey john wolf,17
m ferreira turchetto,turchetto maria carolina ferreira,17
m sasikumar,sasikumar mukund,17
aliona bolsova zadoinov,aliona bolsova,16
p martinez portero,pedro martinez,16
ricardo villacorta alon,alonso ricardo villacorta,16
robert willekes macdona,macdonald robert willekes,16
s chilakalapudi,sravya shivani chilakalapudi,16
sj jang,su jeong jang,16
c jandakate,chompoothip jundakate,15
g soares klier junior,junior gilbert klier,15
i van den broek,den broek isis louise van,15
vlad victor cornea,victor vlad cornea,15
e burgic bucko,ema burgic,14
g iradukunda,guy orly iradukunda,14
hernandez fernandez,fernandez jose hernandez,14
k c chang,kai chen chang,14
malkia ngounoue,malkia menguene,14
paris corley,paris corley corley,14
s larraya guidi,guidi sol ailin larraya,14
sw kwon,soonwoo kwon,14
t kiyamov,timur kiuamov,14
charlotte robillard mil,millette charlotte robillard,13
j cerundolo,juan manuel cerundolo,13
mf herazo gonzalez,gonzalez maria fernanda herazo,13
ak schmiedlova,anna karolina schmiedlova,12
cayetano march,antonio cayetano march,12
e visnevscaia,ekatarina vishnevskaya,12
gabriela talaba,gabriela lee,12
i ribeiro marcondes,igor marcondes,12
ja munar clar,jaume munar,12
jh son,ji hoon son,12
kl zhang,kai lin zhang,12
liang yu lin,liang yu richard lin,12
m t torro flor,flor maria teresa torro,12
maria herazo gonzalez,gonzalez maria fernanda herazo,12
osgar ohoisin,hoisin osgar o,12
paulo andre saraiva dos,dos santos paulo andre saraiva,12
st robert,stephane robert,12
w sawatdee,watsachol sawasdee,12
al mueller,alexandra mueller,11
alejo lingua lavallen,lavallen alejo lorenzo lingua,11
f cobolli,cobolli flavio,11
m roldan santander,santander martina belen roldan,11
matheus pucinelli,de almeida matheus pucinelli,11
max schnur,max jacob schnur,11
moreno de alboran,de alboran nicolas moreno,11
roy de valk,valk roy sarut de,11
tiantsoa rakotomanga rajaonah,rajaonah tiantsoa sarah rakotomanga,11
y h lee,ya hsuan lee,11
f nabhani,nabhani fatma al,10
h bustiman gonzalez,gonzalez hans christian bustiman,10
i kotlikova,inez maria kotlikova,10
l maetschke,lisa marie maetschke,10
nicolas alejandro de gr,gregorio nicolas alejandro de,10
pol toledo,bague pol toledo,10
renato lima,r lima,10
a fomina klotz,alena fomina,9
a l lingua lavallen,lavallen alejo lorenzo lingua,9
bojana jovanovski petro,petrovic bojana jovanovski,9
d stricker,dominic stephan stricker,9
ema burgic bucko,ema burgic,9
guiomar maristany zuleta,zuleta de reales guiomar maristany,9
j canas garcia,garcia juan pablo canas,9
k palkina ulukan,ksenia palkina,9
khalid allouch,k allouch,9
m fonte,maria ines fonte,9
o ohoisin,hoisin osgar o,9
v ivakhenko,valentyna ivakhnenko,9
abir el fahimi,fahimi a el,8
cristobal saavedra corv,corvalan cristobal saavedra,8
d takunyaci,doga selen takunyaci,8
diego barreto sanchez,sanchez diego augusto barreto,8
e bayrashevskaya,elena bairasheuskaya,8
fel lopez,feliciano lopez,8
g a grimolizzi,gaston arturo grimolizzi,8
gonzalo achondo,g achondo,8
guiomar zuleta de reales,zuleta de reales guiomar maristany,8
h lopez,noah lopez,8
j couto loureiro,joao victor couto loureiro,8
joao schiessl,joao eduardo schiessl,8
ju lee,jin ju lee,8
khrystyna vozniak,kristina voznyak,8
luca assche van,assche luca van,8
lucie tan nguyen,tan lucie nguyen,8
p saraiva dos santos,dos santos paulo andre saraiva,8
p thombare,prarthana g thombare,8
vignesh peranamallur,chandrasekhar vignesh peranamallur,8
a brune olsen,olsen astrid wanja brune,7
as sanchez,ana sofia sanchez,7
bv andreescu,bianca andreescu,7
guiomar maristany zuleta de r,zuleta de reales guiomar maristany,7
junior a ore,junior alexander ore,7
k deichmann,deichmann kathinka von,7
lautaro courthey,lautaro agustin corthey,7
mario gonzalez fernande,fernandez mario gonzalez,7
mateo reyes,reyes mateo barreiros,7
nicholas reyes,nicholas alexander reyes,7
o ayeni,alafia ayeni,7
paula goncalves,paula cristina goncalves,7
a s sanchez,ana sofia sanchez,6
abdullah shannan alharr,alharrasi abdullah shannan,6
andreea rosca,andreea amalia rosca,6
cmr alves,carolina alves,6
daniel,taro daniel,6
felipe martinez sarrasa,sarrasague felipe martinez,6
geronimo barrios,g barrios,6
gustavo de oliveira cru,oliveira cruz g de,6
h c tang,hao chen tang,6
h escurra isnardi,isnardi hernando jose escurra,6
hamou,maxime hamou,6
j p ficovich,juan pablo ficovich,6
james ryan storrie,ryan james storrie,6
jm benitez chavarriaga,chavarriaga juan manuel benitez,6
js tatlot,johan tatlot,6
kasatkina,daria kasatkina,6
luana plaza,araujo luana plaza,6
m madrid rocca,rocca maria sofia madrid,6
maria portillo ramirez,ramirez maria jose portillo,6
mc osorio serrano,serrano maria camila osorio,6
mihaela marculescu,mihaela buzarnescu,6
paolini,jasmine paolini,6
rakotomanga rajaonah,rajaonah tiantsoa sarah rakotomanga,6
robson,laura robson,6
sevastova,anastasija sevastova,6
u m arconada,usue maitane arconada,6
woo yeon ku,yeon woo ku,6
y y duan,yingying duan,6
alejandro turriziani al,alvarez alejandro turriziani,5
anderson,robin anderson,5
andres fernandez canova,canovas andres fernandez,5
ariana anazagasty pursoo,ariana pursoo,5
b v andreescu,bianca andreescu,5
davidovich fokina a,fokina alejandro davidovich,5
deria nur haliza,haliza d nur,5
guiomar maristany zulet,zuleta de reales guiomar maristany,5
i aramburu contreras,contreras ivar jose aramburu,5
i cervantes huegun,inigo cervantes,5
i cervantes tomas,tomas ian luca cervantes,5
irene burillo escorihuel,escorihuela irene burillo,5
j grassi mazzuchi,mazzuchi juan pablo grassi,5
joao vitor goncalves ceolin,ceolin j goncalves,5
johan alexander rodrigu,rodriguez johan alexander rodriguez,5
k clousing,keisha r clousing,5
kr pliskova,kristyna pliskova,5
l arciniegas patino,patino laura daniela arciniegas,5
matheus de almeida,de almeida matheus pucinelli,5
napolitano,stefano napolitano,5
opelka,reilly opelka,5
r vicens,mas rosa vicens,5
reis da silva,da silva joao lucas reis,5
savanna ly nguyen,savanna ly,5
t andrade sabando,sabando tania isabel andrade,5
tiantsoa sarah rajaonah,rajaonah tiantsoa sarah rakotomanga,5
watson,heather watson,5
wickmayer y,yanina wickmayer,5
yi chia tsao,chia yi tsao,5
z scandalis,zoe gwen scandalis,5
a daniell,andie k daniell,4
ahmed deedat abdul raza,razak ahmed deedat abdul,4
alejandro moreno figuer,figueroa alejandro moreno,4
alex pujolras marti,pujolras alex marti,4
an pribylova,anastasia pribylova,4
andrea baldoni,a baldoni,4
andres artunedo martinavarr,martinavarro andres artunedo,4
ar villarreal,andrea renee villarreal,4
b faletto ureta,ureta bruno luca faletto,4
breno lodis,b lodis,4
c e kim,cheong eui kim,4
constantin kouzmine bittoun,kouzmine constantin bittoun,4
d k lee,dong kyu lee,4
edward nguyen,e nguyen,4
f planinsek,filip jeff planinsek,4
facundo acosta diaz,acosta facundo diaz,4
felipe alves,alves felipe meligeni,4
felipe meligeni rodrigues,alves felipe meligeni,4
h j kim,hyun joon kim,4
h s kim,hae sung kim,4
harris,lloyd harris,4
i escorihuela,escorihuela irene burillo,4
i syromolotov netrebin,netrebin yuri syromolotov,4
irene b escorihue,escorihuela irene burillo,4
iznaur akhmaev,i akhmaev,4
jaime fermosell,delgado jaime fermosell,4
je bouzas maneiro,maneiro jessica bouzas,4
joao reis da silva,da silva joao lucas reis,4
johan rodriguez,rodriguez johan alexander rodriguez,4
jordan correia passos d,jordan correia,4
juan carlos manuel agui,juan carlos aguilar,4
juan pablo grassi mazzu,juan pablo paz,4
k vargas gonzalez,gonzalez kelly loana vargas,4
kaji h,haruka kaji,4
kaur gurmanat sandhu,gurmanat kaur sandhu,4
lm guillermo,lorraine guillermo,4
lm hofmann,lena marie hofmann,4
ls rico garcia,garcia l rico,4
m p perez garcia,garcia maria paulina perez,4
m ruiz naranjo,naranjo mateo andres ruiz,4
malak allami el,allami malak el,4
matheus bueres,bueres matheus cury,4
mauricio rivera caballe,caballero mauricio rivera,4
misolic,filip misolic,4
mj luque moreno,moreno maria jose luque,4
mmoh,michael mmoh,4
n goldberg alviani,alviani nicolas rafael goldberg,4
nicole melichar martine,martinez nicole melichar,4
o j gutierrez,oscar jose gutierrez,4
p carretero salvador,pablo carretero,4
r b de oliveira pinto,de oliveira pinto rita maria bentes,4
r bentes de oliveira pinto,de oliveira pinto rita maria bentes,4
s seivane torres,torres sara alejandra seivane,4
s w noh,sang woo noh,4
sebastian sevilla sevil,sevilla sebastian sevilla,4
sh park,sang hee park,4
sv peddi reddy,reddy sri vaishnavi peddi,4
swiatek,iga swiatek,4
thiago wild,wild thiago seyboth,4
thiago wild seyboth,wild thiago seyboth,4
vanessa popa teiusanu,teiusanu vanessa ioana georgiana popa,4
victor mugurel anagnast,victor anagnastopol,4
w q w zhang,wendy qi wen zhang,4
y h jeong,young hoon jeong,4
a bodnar,anna bondar,3
a gavrilovici,ana maria gavrilovici,3
a lutkemeyer obregon,obregon anne christine lutkemeyer,3
adria s barrera,barrera adria soriano,3
alan fernando rubio fie,fierros alan fernando rubio,3
alan rubio fierros,fierros alan fernando rubio,3
alejandro fokina,fokina alejandro davidovich,3
alejandro nourescu,nourescu alejandro mateo berge,3
alejo lorenzo lingua laval,lavallen alejo lorenzo lingua,3
andrea sestini hlavacko,andrea hlavackova,3
andreea carmen herea,carmen andreea herea,3
armando gandini,a gandini,3
b bogdan,bogdan bobrov,3
barreto sanchez,sanchez diego augusto barreto,3
basak eradin,basak eraydin,3
bonadio,riccardo bonadio,3
buayam,kamonwan buayam,3
c a mitu,andreea mitu,3
cepelova j,jana cepelova,3
claudia ferrer hoste,ferrer claudia hoste,3
cristina sanchez quinta,quintanar c sanchez,3
cristina sanchez quintanar,quintanar c sanchez,3
daphnee mpetshi perric,perricard daphnee mpetshi,3
dhruthi tatachar venugo,venugopal dhruthi tatachar,3
dutra da silva d,da silva daniel dutra,3
esther lopez,alcaraz esther lopez,3
f sarra,sarra federica di,3
fossa huergo,huergo nicole fossa,3
gu heide,gustavo heide,3
guiomar maristany de reales,zuleta de reales guiomar maristany,3
hudson rivera,hudson rivera rivera,3
j ali mutawa,mutawa jabor al,3
j benitez chavarriaga,chavarriaga juan manuel benitez,3
j engelmann,jil nora engelmann,3
j martin manzano,martinez jorge martinez,3
jav pulgar garcia,garcia javier pulgar,3
jimar geraldine gonzalez,gonzalez jimar geraldine gerald,3
juvan,kaja juvan,3
kenin,sofia kenin,3
kiara amarissa toth,amarissa kiara toth,3
kristina koukalova,klara koukalova,3
lemoine,quirine lemoine,3
luis eduardo morfin fri,friebel luis eduardo morfin,3
lya isabel fernandez ol,olivares lya isabel fernandez,3
m adair,maika m adair,3
m dzjachangirov,michelle dzjachangirova,3
mateo andres ruiz naran,naranjo mateo andres ruiz,3
meligeni alves,alves felipe meligeni,3
munoz de la nava,de la nava daniel munoz,3
muramatsu c,chihiro muramatsu,3
neffa de los rios,de los rios ana paula neffa,3
ni chappell,nick chappell,3
omar alawadhi,awadhi omar al,3
paulo andre saraiva dos sa,dos santos paulo andre saraiva,3
raluca serban,raluca georgiana serban,3
roberto baena carballes,baena roberto carballes,3
s mendonca,cruz mendonca sofia da,3
s ozdemir,s mert ozdemir,3
sam longhurst,sam edward longhurst,3
santiago taverna,taverna santiago rodriguez,3
saraiva dos santos p a,dos santos paulo andre saraiva,3
se baez,sebastian baez,3
shrivalli rashmikaa,shrivalli rashmikaa bhamidipaty,3
tiantsoa sarah,sarah tatu,3
vavassori,andrea vavassori,3
villanueva,gonzalo villanueva,3
watson a,andrew watson,3
younes lalami,laaroussi younes lalami,3
zacarias,marcela zacarias,3
zapata miralles,miralles bernabe zapata,3
p andujar alba,pablo andujar,2
a elfahimi,fahimi a el,2
c alcaraz garfia,carlos alcaraz,2
pella,guido pella,2
laura rico garcia,garcia l rico,2
luis alfonso pineda cha,chavez luis alfonso pineda,2
juan jose vega lebrija,juan jose vega,2
alvaro gonzalez aramburu,alvaro gonzalez,2
g da silva,silva fick gabriella da,2
s sorribes torimo,tormo sara sorribes,2
matthew william donald,matthew donald,2
mp perez garcia,garcia maria paulina perez,2
am perez franco,franco amanda miguel perez,2
m hernandez magro quiro,magro quiroz maria jose hernandez,2
ignasi de rueda de geno,rueda de genover ignasi de,2
a alhaqbani,ammar alhogbani,2
josh sheehy,joshua sheehy,2
m vergara del puerto,del puerto martin antonio vergara,2
brooksby j,jenson brooksby,2
e shestakov,mykyta mashtakov,2
maria camila torres mur,murcia maria camila torres,2
e orozco rangel,rangel eduardo yahir orozco,2
mario giuseppe nicosia,giuseppe mario nicosia,2
caijsa hennemann,caijsa wilda hennemann,2
a shanmugam,abhinav sanjeev shanmugam,2
p moreno bautista,bautista paola maria moreno,2
diego ortiz gamonsl,gamonal diego ortiz,2
f tamagnone,franco agamenone,2
c chiatti reynoso,reynoso carolina isabel chiatti,2
c rodriguez sanchez,cristian rodriguez,2
novikov,dennis novikov,2
gasanova,anastasia gasanova,2
okamura,issei okamura,2
caroline uebelhoer,caroline werner,2
olga saez lara,larra olga saez,2
a avila senise,de avila senise alberto romero,2
h j maginley,herbert jody maginley,2
char robillard millette,millette charlotte robillard,2
kimko date krumm,krumm kimiko date,2
numajiri,keisuke numajiri,2
hampel,lenny hampel,2
agamenone,franco agamenone,2
boltz,sebastien boltz,2
tiantsoa rakotomanga,rajaonah tiantsoa sarah rakotomanga,2
reese,hunter reese,2
nicoleta catalina dascalu,nicoleta dascalu,2
van peperzeel,peperzeel gavin van,2
daniel munoz de la nav,de la nava daniel munoz,2
munoz dela nava,de la nava daniel munoz,2
torebko,peter torebko,2
vilardo,francesco vilardo,2
gauff,cori gauff,2
max colorado,maximiliano colorado,2
a rodrigues girotto,girotto alexandre gabriel rodrigues,2
alejandro manzanera per,pertusa alejandro manzanera,2
j carvajal torres,torres jose fernando carvajal,2
dominguez lino,lino lourdes dominguez,2
gerardo lopez villasen,villasenor gerardo lopez,2
a g ciurletti,andres gabriel ciurletti,2
gabriel andres yaguar e,espinoza gabriel andres yaguar,2
gabric a,anna gabric,2
zaja a,anna zaja,2
m bassols marina,ribera marina bassols,2
l orlando,orlando luz,2
o luiz,orlando luz,2
d veremeychuk,danylo veremeichuk,2
a rubio fierros,fierros alan fernando rubio,2
federico aguilar cardoz,cardozo joaquin aguilar,2
z clarke,ezekiel clark,2
f quamar,faisal qamar,2
gustavo ribeiro de alme,almeida gustavo ribeiro de,2
rocio de la torre sanch,la torre sanchez rocio de,2
m r pallares gonzalez,gonzalez michael ray pallares,2
kestelboim,mariano kestelboim,2
jb panta herreros,jorge brian panta,2
a farulla di palma,di palma andrea agostina farulla,2
y h lu,yen hsun lu,2
j l struff,jan lennard struff,2
h hurkacx,hubert hurkacz,2
peterson,rebecca peterson,2
emma poppel van,poppel emma van,2
carolina amanda elkin nava,elkin amanda carolina nava,2
r shrivalli bhamidipaty,shrivalli rashmikaa bhamidipaty,2
siddharth kkaira chetnani,kkaira siddharth chetnani,2
raul alan franco sau,franco alan raul sau,2
stefania dzik rogozinska,dzik stefania rogozinska,2
loic tenguere namigandet,tenguere loic namigandet,2
ch langmo,christian langmo,2
p perez garcia,garcia paula andrea perez,2
p manjon,manjon paula arias,2
santiago fa rodriguez taverna,taverna santiago rodriguez,2
giovanni perricard,perricard giovanni mpetshi,2
seong yun chung,yunseong chung,2
jimar gerald gonzalez,gonzalez jimar geraldine gerald,2
inglis,maddison inglis,2
snigur,daria snigur,2
akua ranah stoiber,ranah akua stoiber,2
enrico valle dalla,valle enrico dalla,2
felipe rodrigues alves,alves felipe meligeni,2
maristany zuleta de reales,zuleta de reales guiomar maristany,2
andrea garcia lazaro,garcia andrea lazaro,2
t s rakotomanga rajaon,rajaonah tiantsoa sarah rakotomanga,2
maria fernanda herazo gonz,oliva maria fernanda navarro,2
paulo saraiva dos santos,dos santos paulo andre saraiva,2
joaquim almeida,almeida joaquim de,2
cornet,alize cornet,2
vekic,donna vekic,2
imanishi m,miharu imanishi,2
d munteanu,dan radu munteanu,2
e gallagher,gallagher emilie lindh,2
urs breitenberger,urs ferdinand breitenberger,2
andres f canovas,canovas andres fernandez,2
joao v goncalves ceolin,ceolin j goncalves,2
l couto,lena cuoto,2
hernando escurra isnardi,isnardi hernando jose escurra,2
alejandro turriziani alva,alvarez alejandro turriziani,2
f g gonzalez benitez,fernandez mario gonzalez,2
i a becerra otarola,otarola ignacio antonio becerra,2
ignacio becerra otarola,alia ignacio benzal,2
lorenzo joaquin,lorenzo joaquin rodriguez,2
pucinelli de almeida m,de almeida matheus pucinelli,2
felipe meligeni rod,alves felipe meligeni,2
carlos doria medina,medina aviles carlos andres doria,2
alejandro d fokina,fokina alejandro davidovich,2
murray,andy murray,2
davidovich fokina,fokina alejandro davidovich,2
brooksby,jenson brooksby,2
galfi,dalma galfi,2
midon,lautaro midon,2
comesana,francisco comesana,2
matos,rafael matos,2
alej hoyos,franco alejandro hoyos,2
cayeta march,antonio cayetano march,2
n c dascalu,nicoleta dascalu,2
r nijkamp,rose marie nijkamp,2
ire burillo escorihuela,escorihuela irene burillo,2
m fitriadi,rifqi fitriadi m,2
g montero,thiago monteiro,2
cerundolo,francisco cerundolo,2
r jauregui sainz de rozas,sainz rodolfo jauregui,2
genaro olivieri,genaro alberto olivieri,2
j a burrage,jodie burrage,2
gilbert klier,junior gilbert klier,2
joao velloso,joao gabriel velloso,2
oscar matias leiva bias,biason oscar matias leiva,2
jizel sequeira fernandes,sequeira fernandes jizel matos,2
kk kang,ku keon kang,2
gi fonio,giovanni fonio,2
k zimmerman,kimberley zimmermann,2
barrera aguirre,aguirre isabella barrera,2
becerra otarola i a,ana maria becerra,2
ana neffa de los rios,de los rios ana paula neffa,2
rodrigo pacheco mende,mendez rodrigo pacheco,2
kaliyanda poonacha,poonacha niki kaliyanda,2
qy ye,qiu yu ye,2
l m rioux,lisa marie rioux,2
m h yu,min hwa yu,2
ys kim,yu seob kim,2
oscar mancineiras corne,cornella oscar mancineiras,2
kc chang,kai chen chang,2
yy duan,yingying duan,2
rakotomanga rajaonah t,rajaonah tiantsoa sarah rakotomanga,2
guiomar maristany zuleta de re,zuleta de reales guiomar maristany,2
juan prado angelo,angelo juan carlos prado,2
marcela bueno,marcela guimaraes bueno,2
lara teodoro de oliveir,de oliveira lara isis teodoro,2
paulo andre saraiva,dos santos paulo andre saraiva,2
ribeiro de almeida,de almeida matheus pucinelli,2
sramkova,valeriya strakhova,2
muller,alexandra mueller,2
cuevas,martin cuevas,2
mateusz smolicki,m smolicki,2
jp canas garcia,garcia juan pablo canas,2
abir elfahimi,fahimi a el,2
lilya hadab,l hadab,2
k k thandi,karman kaur thandi,2
ahn,kristie ahn,2
f meligeni rodrigues,alves felipe meligeni,2
tiantsoa s r rajaona,rajaonah tiantsoa sarah rakotomanga,2
jessica hinojosa gome,gomez jessica hinojosa,2
tiantsoa rakotomanga ra,rajaonah tiantsoa sarah rakotomanga,2
yuri syromolotov netreb,netrebin yuri syromolotov,2
barlaham zuluaga gaviri,gaviria barlaham zuluaga,2
constantin b kouzmine,kouzmine constantin bittoun,2
svajda,zachary svajda,2
maestrelli,francesco maestrelli,2
dougaz,aziz dougaz,2
kolar,zdenek kolar,2
royer,valentin royer,2
vacherot,valentin vacherot,2
zeppieri,giulio zeppieri,2
blancaneaux,geoffrey blancaneaux,2
gigante,matteo gigante,2
giovanni mpetshi perrica,perricard giovanni mpetshi,2
mell reasco gonzalez,gonzalez mell elizabeth reasco,2
barreto sanchez d a,sanchez diego augusto barreto,2
lingua lavallen,lavallen alejo lorenzo lingua,2
kimiko date,krumm kimiko date,2
tiantsoa sarah rakot,rajaonah tiantsoa sarah rakotomanga,2
m j portillo ramirez,ramirez maria jose portillo,2
zuleta de reales,zuleta de reales guiomar maristany,2
lesley pattinama ker,kerkhove lesley pattinama,2
d a barreto sanchez,sanchez diego augusto barreto,2
blazo n djurovic,b djurovic,2
n alam echeverria,alam nadia echeverria,2
y bonavenutre,ysaline bonaventure,2
g maristany zuleta de reale,zuleta de reales guiomar maristany,2
haadin salim bava,haadin bava,2
harry lim,h lim,2
hurkacz,hubert hurkacz,2
javier barranco cosan,cosano javier barranco,2
jeffrey von der schulen,der schulenburg jeffrey von,2
m di guiseppe,giuseppe martina di,2
m paigana,marta paigina,2
maree teiwa casey,maree casey,2
maria jose martinez san,sanchez maria jose martinez,2
peter privara,peter benjamin privara,2
shapovalov,denis shapovalov,2
shinikova,isabella shinikova,2
t s rakotomanga rajaonah,rajaonah tiantsoa sarah rakotomanga,2
tomova,viktoriya tomova,2
michelangelo zvech,michelangelo zvech flaborea mreule,1
bodmer,adrian bodmer,1
linette,magda linette,1
a davidoch fokina,fokina alejandro davidovich,1
ostapenko,jelena ostapenko,1
dalam galfi,dalma galfi,1
patricio betancourt gon,gonzalez patricio betancourt,1
a formina,alena fomina,1
sanchez marin garcia,marin garcia nahia sanchez,1
georgia andreea craciun,georgia craciun,1
vi sachko,vitaliy sachko,1
william r vinciguerra,vinciguerra william rejchtman,1
q vazquez montesinos,montesinos quetzali dafne vazquez,1
matthew romios,matthew christopher romios,1
l van der merwe,der merwe lara claudia van,1
k santos de oliveira,de oliveira karoline maria santos,1
benard nkomba,benard bruno nkomba,1
c sholl,chiara scholl,1
c altimirano,collin altamirano,1
michael ray pallares go,gonzalez michael ray pallares,1
kieran macarty,k macarty,1
t thales,thales turini,1
boisson,lois boisson,1
pablo marcel torres alm,almeida pablo marcel torres,1
seyboth wild,wild thiago seyboth,1
kurami nara,kurumi nara,1
f bogajo fernandez,fernando bogajo,1
t diaz alvarenga,alvarenga thamna jazmin diaz,1
c ibiraba melleiro junior,melleiro junior catarina melleiro ibiraba,1
p caceres villalba,villalba paloma florencia caceres,1
a mendoza crespo,alejandro mendoza,1
gabriel freitas de godo,de godoy gabriel freitas,1
victor castro rocha,castro rocha victor alvares de,1
paula kania chodun,paula kania,1
irene escorihuela,escorihuela irene burillo,1
santiago rodriguez tavern,taverna santiago rodriguez,1
joaquin leon macchiavel,macchiavello joaquin leon,1
a iordachi,alexandra iordache,1
juan cruz martin manzan,manzano juan cruz martin,1
e eminefendic,ervin haris eminefendic,1
gianluca centi pizzutil,pizzutilli gianluca centi,1
c ferrnando,cristiana ferrando,1
juan carlos garcia garc,garcia juan carlos garcia,1
a fernandez del moral perier,del moral perier ainhoa meili fernandez,1
baszak,weronika baszak,1
henry von der schulenbu,der schulenburg henry von,1
jj tracy,james tracy,1
yu tang,yu tong tang,1
syed mohd agil syed nag,naguib syed mohd agil syed,1
muhammad ashaari bin za,zainal abidin muhammad ashaari bin,1
thomas ramos,marques tomas ramos,1
ocleppo,julian ocleppo,1
phillip reller,philip bester,1
z olmos,giuliana olmos,1
man ying ng,fang ying xun,1
patricia mayr achleitne,achleitner patricia mayr,1
pellegrino,andrea pellegrino,1
d hernandez rojas,rojas diego nicolas hernandez,1
goveas,aryan goveas,1
kalinina,anhelina kalinina,1
elizabeth a a profit,elizabeth anita alexandria profit,1
dodin,oceane dodin,1
kostner,david kostner,1
cortes alcaraz,alcaraz aaron cortes,1
zukas,matias zukas,1
blasko,martin blasko,1
tabatruong,maxime tabatruong,1
jomby,tom jomby,1
angel josue maleno rosa,rosario angel josue maleno,1
kelly vargas gonzalez,gonzalez kelly loana vargas,1
sarah beth askew,sarah beth grey,1
ignacio dagostino herrera,herrera ignacio german dagostino,1
safiullin,roman safiullin,1
rodriguez taverna,taverna santiago rodriguez,1
sri vaishnavi peddi red,reddy sri vaishnavi peddi,1
alb lim,alberto lim,1
geens,clement geens,1
shoval fanani,s fanani,1
martinez vich,vich jaume martinez,1
halep,simona halep,1
diego jose manrique vel,velazquez diego jose manrique,1
e ribeiro lago,eduardo ribeiro,1
v san martin ramirez,martin ramirez valeska alexandra san,1
sakagawa,naoki nakagawa,1
j jessica cantrell,cantrell jessica cantrell jessica,1
benchetrit,elliot benchetrit,1
barrios vera,vera tomas barrios,1
boborykin,alexander boborykin,1
lance amaury lage caste,castelan lance amaury lage,1
honcova m,michaela honcova,1
minoue,miyabi inoue,1
rubini s,stefania rubini,1
r hietaranta,roni mikael hietaranta,1
e adochitei pandelea,pandelea eric tudor adochitei,1
f meligeni,alves felipe meligeni,1
m fornellmestres,mestres marc fornell,1
veronika kuderemtova,veronika kudermetova,1
l teodoro de oliveira,de oliveira lara isis teodoro,1
juan cruz blanco cauter,cauterucci juan cruz blanco,1
e wiesenfeld,emma fulvia wiesenfeld,1
diego jesus fernandez f,flores diego fernandez,1
c niangadou,coumba ben mamadou niangadou,1
j bortoluzzi bianchin,bianchin bordignon julia bortoluzzi,1
oscar manuel sanchez hi,hirales oscar manuel sanchez,1
carlos matarredona valo,valor carlos matarredona,1
olianovskaia,valeriya olyanovskaya,1
g maristany zuleta,zuleta de reales guiomar maristany,1
d la fuente strassburge,fuente strassburger daniela alejandra la,1
j m a mutawa,mutawa jabor al,1
martin shana mao,shana mao mao,1
ching ho wu,ho ching wu,1
maria f herazo gonzalez,gonzalez maria fernanda herazo,1
julia silva camargo konishi,camargo silva julia konishi,1
nazim mohamed makhlouf,mohamed nazim makhlouf,1
singh navraj brar nav,brar navraj singh nav,1
rashmikaa shrivalli bhamidipa,shrivalli rashmikaa bhamidipaty,1
louis herck van,herck louis van,1
jose oscar gutierrez,oscar jose gutierrez,1
aaron garcia gil,garcia aaron gil,1
judith stephanie visscher,stephanie judith visscher,1
ranjeet murugesan virali,murugesan ranjeet virali,1
frederico freira silva,silva frederico ferreira,1
treat huey,treat conrad huey,1
a m nitescu,andra maria nitescu,1
d portela,portela dolores molina,1
d venugopal,venugopal dhruthi tatachar,1
f auger alliassime,aliassime felix auger,1
j gracia,gracia jose e,1
g busleiman,busleiman geronimo espin,1
prajwal d s dev,s d prajwal dev,1
federico aguilar cardozo,cardozo joaquin aguilar,1
carlos jover sanchez,jover carlos sanchez,1
alejandro canas moro,canas alejandro moro,1
maija valerija kargina,valerija maija kargina,1
ayda melis uyar,melis ayda uyar,1
hsin chun tseng,chun hsin tseng,1
john jeffrey wolf,jeffrey john wolf,1
alvaro meza guillen,meza alvaro guillen,1
marcelo tomas barrios,vera tomas barrios,1
andreeva,mirra andreeva,1
david nicholas ionel,nicholas david ionel,1
pablo juan ficovich,juan pablo ficovich,1
bautista juan torres,juan bautista torres,1
sungbeen sim,seongbin sim,1
santiago rodriguez taver,taverna santiago rodriguez,1
murkel alejandro dellien,dellien murkel,1
pablo juan paz,juan pablo paz,1
guy ouden den,ouden guy den,1
joaquin lorenzo rodriguez,lorenzo joaquin rodriguez,1
pablo juan varillas,juan pablo varillas,1
antonio vito darderi,vito antonio darderi,1
alex toby kodat,toby alex kodat,1
agustin federico gomez,federico agustin gomez,1
constantin bittoun kouzmi,kouzmine constantin bittoun,1
alan fernando fierros,fierros alan fernando rubio,1
mubarak shannan zayid a,zayid mubarak shannan,1
santiago rguez taverna,taverna santiago rodriguez,1
johan alexander rodriguez rodr,rodriguez johan alexander rodriguez,1
caty mcnally,catherine mcnally,1
sofia mendonca,cruz mendonca sofia da,1
yasmin bohnenberger,de aguirres yasmin bohnenberger,1
lehecka,jiri lehecka,1
auger aliassime,aliassime felix auger,1
maria paulina perez gar,garcia maria paulina perez,1
pablo carrena busta,busta pablo carreno,1
pavlyuchenkova,anastasia pavlyuchenkova,1
bacsinszky,timea bacsinszky,1
y h hsu,yu hsiou hsu,1
ilona ghioroaie,ylona georgiana ghioroaie,1
antonio muniz,hidalgo antonio muniz,1
oges theyjo jaya prakas,prakash oges theyjo jaya,1
benjamintorres fernandez,benjamin torres,1
victor remondy pagotto,pagotto victor hugo remondy,1
luis ferraz sandoval carval,sandoval carvalho luis felipe ferraz,1
benjamin torres fernandez,benjamin torres,1
maria jose sanchez urib,uribe maria jose sanchez,1
alejandro hernandez gut,gutierrez alejandro hernandez,1
a maleno rosario,rosario angel josue maleno,1
maria fernanda herazo gonzal,gonzalez maria fernanda herazo,1
marcelo t barrios vera,vera tomas barrios,1
ariana geerlings marti,martinez ariana geerlings,1
se korda,sebastian korda,1
benjamin ignacio torres,benjamin torres,1
geerts,michael geerts,1
rinderknech,arthur rinderknech,1
van de zandschulp,de zandschulp botic van,1
onclin,gauthier onclin,1
va aboian,leonardo aboian,1
llanes,francisco llanes,1
tacchi,luciano tacchi,1
lazarov,alexandar lazarov,1
jo reis da silva,da silva joao lucas reis,1
priska nugroho,priska madelyn nugroho,1
nil regas,luis nil regas,1
h lizano morales,morales hailey melissa lizano,1
reka jani,reka luca jani,1
nicolas iraira,n iraira,1
estaban davila,gasser esteban davila,1
l ferraz sandoval carvalho,sandoval carvalho luis felipe ferraz,1
mubarak zaid,zayid mubarak shannan,1
issa alharrasi,al harrasi issa shanan,1
dheeraj kodancha sriniv,srinivasan dheeraj kodancha,1
denis spiridon,denis constantin spiridon,1
emiliano gonzalez balma,balmaceda emiliano gonzalez,1
martin a v del puerto,del puerto martin antonio vergara,1
j k trotter,james kent trotter,1
victor a de castro rocha,castro rocha victor alvares de,1
daniel dutra da silv,da silva daniel dutra,1
m giuseppe,giuseppe martina di,1
luis antonio avila,luis avila,1
j moreno rodriguez,rodriguez jennifer sabrina moreno,1
m vargas triana,triana maria paula vargas,1
janicijevic,selena janicijevic,1
r coreisa,federico coria,1
mertens,elise mertens,1
hruncakova,viktoria hruncakova,1
manuela de lorenz,lorenzo manuela de,1
maria ferreira turchetto,turchetto maria carolina ferreira,1
m vivenzio,maria pia vivenzio,1
ariana geerlings,martinez ariana geerlings,1
amanda nava elkin,elkin amanda carolina nava,1
dutra da silva,da silva daniel dutra,1
a sutjadi,aldila sutjiadi,1
j treyes albarracin,albarracin joselyn margarita treyes,1
t serrano luis,luis tomas antonio serrano,1
schmiedlova,anna karolina schmiedlova,1
y t ki,yan tung ki,1
irina falconi hartman,irina falconi,1
p rodrigues loongobardi,longobardi pedro rodrigues,1
luis sandoval carvalho,sandoval carvalho luis felipe ferraz,1
k takaahata,kimika sakata,1
n fuijoka,nozomi fujioka,1
korpatsch,tamara korpatsch,1
x l sun,xuliu sun,1
m vrsalovic gimenez,gimenez masha alexandra vrsalovic,1
alejandro lopez escriba,escribano alejandro lopez,1
daniel dutra da si,da silva daniel dutra,1
p chien,pei ju chien,1
botic van de zandschul,de zandschulp botic van,1
paulo andre dos santos,dos santos paulo andre saraiva,1
galarneau,alexis galarneau,1
fatic,nerman fatic,1
cl tabur,clement tabur,1
piros,zsombor piros,1
riedi,leandro riedi,1
cam ugo carabelli,carabelli camilo ugo,1
llamas ruiz,ruiz pablo llamas,1
jacquet,kyrian jacquet,1
kopriva,vit kopriva,1
ajdukovic,duje ajdukovic,1
svrcina,dalibor svrcina,1
bonzi,benjamin bonzi,1
carolina chiatti reynoso,reynoso carolina isabel chiatti,1
marcos baratau,baratau marcos lee chan,1
g m zuleta de reales,zuleta de reales guiomar maristany,1
p a saraiva dos santos,dos santos paulo andre saraiva,1
rakotomanga rajao,rajaonah tiantsoa sarah rakotomanga,1
lingua lavallen a l,lavallen alejo lorenzo lingua,1
isis louise van den bro,den broek isis louise van,1
juan esteban trujillo hern,hernandez juan esteban trujillo,1
prado angelo,angelo juan carlos prado,1
michael beltran rubio,rubio michael alejandro beltran,1
c arce riquelme,riquelme catalina paz arce,1
fryderyk wasiutynski,wasiutynski fryderyk lechno,1
alberto alvarado berrospi,berrospi alberto odiseo alvarado,1
rafael botran neut,neutze rafael botran,1
n echeverria,alam nadia echeverria,1
p jastrzabska,paulina jastrzebska,1
